family,A,B,C,D,E,F,requiredAction
"VECTOR:major",0,0,0,71,1848,0,"EXPLICIT_REJECTION_OR_IMPLEMENT_SITE_FAMILY|ACCEPT_OR_SPECIFY_VOICING_POLICY"
"VECTOR:add2",0,0,0,0,480,0,"EXPLICIT_REJECTION_OR_IMPLEMENT_SITE_FAMILY"
"VECTOR:add4",0,0,0,0,480,0,"EXPLICIT_REJECTION_OR_IMPLEMENT_SITE_FAMILY"
"VECTOR:add6",0,0,0,0,480,0,"EXPLICIT_REJECTION_OR_IMPLEMENT_SITE_FAMILY"
"VECTOR:diminished11",36,36,0,0,501,0,"FIX_PRODUCT_IDENTITY|EXPLICIT_REJECTION_OR_IMPLEMENT_SITE_FAMILY"
"VECTOR:diminished11+add2",0,0,0,0,160,0,"EXPLICIT_REJECTION_OR_IMPLEMENT_SITE_FAMILY"
"VECTOR:diminished11+add4",0,0,0,0,160,0,"EXPLICIT_REJECTION_OR_IMPLEMENT_SITE_FAMILY"
"VECTOR:diminished11+add6",0,0,0,0,132,0,"EXPLICIT_REJECTION_OR_IMPLEMENT_SITE_FAMILY"
"VECTOR:dominant11sus2",36,36,0,0,744,0,"FIX_PRODUCT_IDENTITY|EXPLICIT_REJECTION_OR_IMPLEMENT_SITE_FAMILY"
"VECTOR:dominant11sus2+add2",0,0,0,0,228,0,"EXPLICIT_REJECTION_OR_IMPLEMENT_SITE_FAMILY"
"VECTOR:dominant11sus2+add4",0,0,0,0,228,0,"EXPLICIT_REJECTION_OR_IMPLEMENT_SITE_FAMILY"
"VECTOR:dominant11sus2+add6",0,0,0,0,189,0,"EXPLICIT_REJECTION_OR_IMPLEMENT_SITE_FAMILY"
"VECTOR:dominant11sus4",18,35,1,18,738,0,"ACCEPT_OPTIONAL_OMISSION|EXPLICIT_REJECTION_OR_IMPLEMENT_SITE_FAMILY|PRESERVE_DEFINING_TONE_IN_AUDITION|FIX_PRODUCT_IDENTITY"
"VECTOR:dominant11sus4+add2",0,0,0,0,228,0,"EXPLICIT_REJECTION_OR_IMPLEMENT_SITE_FAMILY"
"VECTOR:dominant11sus4+add4",0,0,0,0,228,0,"EXPLICIT_REJECTION_OR_IMPLEMENT_SITE_FAMILY"
"VECTOR:dominant11sus4+add6",0,0,0,0,189,0,"EXPLICIT_REJECTION_OR_IMPLEMENT_SITE_FAMILY"
"VECTOR:power",0,0,0,1,764,0,"ACCEPT_OR_SPECIFY_VOICING_POLICY|EXPLICIT_REJECTION_OR_IMPLEMENT_SITE_FAMILY"
"VECTOR:power+add2",0,0,0,0,192,0,"EXPLICIT_REJECTION_OR_IMPLEMENT_SITE_FAMILY"
"VECTOR:power+add4",0,0,0,0,192,0,"EXPLICIT_REJECTION_OR_IMPLEMENT_SITE_FAMILY"
"VECTOR:power+add6",0,0,0,0,192,0,"EXPLICIT_REJECTION_OR_IMPLEMENT_SITE_FAMILY"
"VECTOR:six",0,70,2,66,568,0,"ACCEPT_OPTIONAL_OMISSION|EXPLICIT_REJECTION_OR_IMPLEMENT_SITE_FAMILY|PRESERVE_DEFINING_TONE_IN_AUDITION"
"VECTOR:six+add2",0,0,0,0,160,0,"EXPLICIT_REJECTION_OR_IMPLEMENT_SITE_FAMILY"
"VECTOR:six+add4",0,0,0,0,160,0,"EXPLICIT_REJECTION_OR_IMPLEMENT_SITE_FAMILY"
"VECTOR:six+add6",0,0,0,0,160,0,"EXPLICIT_REJECTION_OR_IMPLEMENT_SITE_FAMILY"
"VECTOR:six-dim",0,0,0,0,560,0,"EXPLICIT_REJECTION_OR_IMPLEMENT_SITE_FAMILY"
"VECTOR:six-dim+add2",0,0,0,0,112,0,"EXPLICIT_REJECTION_OR_IMPLEMENT_SITE_FAMILY"
"VECTOR:six-dim+add4",0,0,0,0,112,0,"EXPLICIT_REJECTION_OR_IMPLEMENT_SITE_FAMILY"
"VECTOR:six-dim+add6",0,0,0,0,140,0,"EXPLICIT_REJECTION_OR_IMPLEMENT_SITE_FAMILY"
"VECTOR:six-sus2",0,0,0,0,780,0,"EXPLICIT_REJECTION_OR_IMPLEMENT_SITE_FAMILY"
"VECTOR:six-sus2+add2",0,0,0,0,156,0,"EXPLICIT_REJECTION_OR_IMPLEMENT_SITE_FAMILY"
"VECTOR:six-sus2+add4",0,0,0,0,156,0,"EXPLICIT_REJECTION_OR_IMPLEMENT_SITE_FAMILY"
"VECTOR:six-sus2+add6",0,0,0,0,195,0,"EXPLICIT_REJECTION_OR_IMPLEMENT_SITE_FAMILY"
"VECTOR:six-sus4",0,0,0,0,780,0,"EXPLICIT_REJECTION_OR_IMPLEMENT_SITE_FAMILY"
"VECTOR:six-sus4+add2",0,0,0,0,156,0,"EXPLICIT_REJECTION_OR_IMPLEMENT_SITE_FAMILY"
"VECTOR:six-sus4+add4",0,0,0,0,156,0,"EXPLICIT_REJECTION_OR_IMPLEMENT_SITE_FAMILY"
"VECTOR:six-sus4+add6",0,0,0,0,195,0,"EXPLICIT_REJECTION_OR_IMPLEMENT_SITE_FAMILY"
"VECTOR:minor",0,0,0,36,540,0,"ACCEPT_OR_SPECIFY_VOICING_POLICY|EXPLICIT_REJECTION_OR_IMPLEMENT_SITE_FAMILY"
"VECTOR:minor+add2",0,0,0,0,144,0,"EXPLICIT_REJECTION_OR_IMPLEMENT_SITE_FAMILY"
"VECTOR:minor+add4",0,0,0,0,144,0,"EXPLICIT_REJECTION_OR_IMPLEMENT_SITE_FAMILY"
"VECTOR:minor+add6",0,0,0,0,144,0,"EXPLICIT_REJECTION_OR_IMPLEMENT_SITE_FAMILY"
"VECTOR:min6",0,32,4,32,92,0,"ACCEPT_OPTIONAL_OMISSION|EXPLICIT_REJECTION_OR_IMPLEMENT_SITE_FAMILY|PRESERVE_DEFINING_TONE_IN_AUDITION"
"VECTOR:min6+add2",0,0,0,0,32,0,"EXPLICIT_REJECTION_OR_IMPLEMENT_SITE_FAMILY"
"VECTOR:min6+add4",0,0,0,0,32,0,"EXPLICIT_REJECTION_OR_IMPLEMENT_SITE_FAMILY"
"VECTOR:min6+add6",0,0,0,0,32,0,"EXPLICIT_REJECTION_OR_IMPLEMENT_SITE_FAMILY"
"VECTOR:sus2",0,0,0,0,256,0,"EXPLICIT_REJECTION_OR_IMPLEMENT_SITE_FAMILY"
"VECTOR:sus2+add2",0,0,0,0,64,0,"EXPLICIT_REJECTION_OR_IMPLEMENT_SITE_FAMILY"
"VECTOR:sus2+add4",0,0,0,0,64,0,"EXPLICIT_REJECTION_OR_IMPLEMENT_SITE_FAMILY"
"VECTOR:sus2+add6",0,0,0,0,64,0,"EXPLICIT_REJECTION_OR_IMPLEMENT_SITE_FAMILY"
"VECTOR:sus4",0,0,0,0,256,0,"EXPLICIT_REJECTION_OR_IMPLEMENT_SITE_FAMILY"
"VECTOR:sus4+add2",0,0,0,0,64,0,"EXPLICIT_REJECTION_OR_IMPLEMENT_SITE_FAMILY"
"VECTOR:sus4+add4",0,0,0,0,64,0,"EXPLICIT_REJECTION_OR_IMPLEMENT_SITE_FAMILY"
"VECTOR:sus4+add6",0,0,0,0,64,0,"EXPLICIT_REJECTION_OR_IMPLEMENT_SITE_FAMILY"
"VECTOR:UNADJUDICATED:1111110",0,0,0,0,300,0,"EXPLICIT_REJECTION_OR_IMPLEMENT_SITE_FAMILY"
"VECTOR:UNADJUDICATED:0111110",0,0,0,0,300,0,"EXPLICIT_REJECTION_OR_IMPLEMENT_SITE_FAMILY"
"VECTOR:UNADJUDICATED:1101110",0,0,0,0,45,0,"EXPLICIT_REJECTION_OR_IMPLEMENT_SITE_FAMILY"
"VECTOR:UNADJUDICATED:1110110",0,0,0,0,105,0,"EXPLICIT_REJECTION_OR_IMPLEMENT_SITE_FAMILY"
"VECTOR:UNADJUDICATED:1111010",0,0,0,0,80,0,"EXPLICIT_REJECTION_OR_IMPLEMENT_SITE_FAMILY"
"VECTOR:UNADJUDICATED:1111100",0,0,0,0,80,0,"EXPLICIT_REJECTION_OR_IMPLEMENT_SITE_FAMILY"
"VECTOR:UNADJUDICATED:1111111",0,0,0,0,1080,0,"EXPLICIT_REJECTION_OR_IMPLEMENT_SITE_FAMILY"
"VECTOR:UNADJUDICATED:0111111",0,0,0,0,1080,0,"EXPLICIT_REJECTION_OR_IMPLEMENT_SITE_FAMILY"
"VECTOR:UNADJUDICATED:1101111",0,0,0,0,162,0,"EXPLICIT_REJECTION_OR_IMPLEMENT_SITE_FAMILY"
"VECTOR:UNADJUDICATED:1110111",0,0,0,0,378,0,"EXPLICIT_REJECTION_OR_IMPLEMENT_SITE_FAMILY"
"VECTOR:UNADJUDICATED:1111011",0,0,0,0,300,0,"EXPLICIT_REJECTION_OR_IMPLEMENT_SITE_FAMILY"
"VECTOR:UNADJUDICATED:1111101",0,0,0,0,300,0,"EXPLICIT_REJECTION_OR_IMPLEMENT_SITE_FAMILY"
"VECTOR:UNADJUDICATED:1011110",0,0,0,0,45,0,"EXPLICIT_REJECTION_OR_IMPLEMENT_SITE_FAMILY"
"VECTOR:UNADJUDICATED:1011111",0,0,0,0,162,0,"EXPLICIT_REJECTION_OR_IMPLEMENT_SITE_FAMILY"
"VECTOR:UNADJUDICATED:1110010",0,0,0,0,28,0,"EXPLICIT_REJECTION_OR_IMPLEMENT_SITE_FAMILY"
"VECTOR:UNADJUDICATED:0110010",0,0,0,0,12,0,"EXPLICIT_REJECTION_OR_IMPLEMENT_SITE_FAMILY"
"VECTOR:UNADJUDICATED:1100010",0,0,0,0,4,0,"EXPLICIT_REJECTION_OR_IMPLEMENT_SITE_FAMILY"
"VECTOR:UNADJUDICATED:1110000",0,0,0,0,7,0,"EXPLICIT_REJECTION_OR_IMPLEMENT_SITE_FAMILY"
"VECTOR:UNADJUDICATED:1110011",0,0,0,0,105,0,"EXPLICIT_REJECTION_OR_IMPLEMENT_SITE_FAMILY"
"VECTOR:UNADJUDICATED:0110011",0,0,0,0,45,0,"EXPLICIT_REJECTION_OR_IMPLEMENT_SITE_FAMILY"
"VECTOR:UNADJUDICATED:1100011",0,0,0,0,15,0,"EXPLICIT_REJECTION_OR_IMPLEMENT_SITE_FAMILY"
"VECTOR:UNADJUDICATED:1110001",0,0,0,0,28,0,"EXPLICIT_REJECTION_OR_IMPLEMENT_SITE_FAMILY"
"VECTOR:UNADJUDICATED:0110110",0,0,0,0,45,0,"EXPLICIT_REJECTION_OR_IMPLEMENT_SITE_FAMILY"
"VECTOR:UNADJUDICATED:1100110",0,0,0,0,15,0,"EXPLICIT_REJECTION_OR_IMPLEMENT_SITE_FAMILY"
"VECTOR:UNADJUDICATED:1110100",0,0,0,0,28,0,"EXPLICIT_REJECTION_OR_IMPLEMENT_SITE_FAMILY"
"VECTOR:UNADJUDICATED:0110111",0,0,0,0,162,0,"EXPLICIT_REJECTION_OR_IMPLEMENT_SITE_FAMILY"
"VECTOR:UNADJUDICATED:1100111",0,0,0,0,54,0,"EXPLICIT_REJECTION_OR_IMPLEMENT_SITE_FAMILY"
"VECTOR:UNADJUDICATED:1110101",0,0,0,0,105,0,"EXPLICIT_REJECTION_OR_IMPLEMENT_SITE_FAMILY"
"VECTOR:UNADJUDICATED:0111010",0,0,0,0,80,0,"EXPLICIT_REJECTION_OR_IMPLEMENT_SITE_FAMILY"
"VECTOR:UNADJUDICATED:1101010",0,0,0,0,12,0,"EXPLICIT_REJECTION_OR_IMPLEMENT_SITE_FAMILY"
"VECTOR:UNADJUDICATED:1111000",0,0,0,0,20,0,"EXPLICIT_REJECTION_OR_IMPLEMENT_SITE_FAMILY"
"VECTOR:UNADJUDICATED:0111011",0,0,0,0,300,0,"EXPLICIT_REJECTION_OR_IMPLEMENT_SITE_FAMILY"
"VECTOR:UNADJUDICATED:1101011",0,0,0,0,45,0,"EXPLICIT_REJECTION_OR_IMPLEMENT_SITE_FAMILY"
"VECTOR:UNADJUDICATED:1111001",0,0,0,0,80,0,"EXPLICIT_REJECTION_OR_IMPLEMENT_SITE_FAMILY"
"VECTOR:UNADJUDICATED:0110001",0,0,0,0,12,0,"EXPLICIT_REJECTION_OR_IMPLEMENT_SITE_FAMILY"
"VECTOR:UNADJUDICATED:1100001",0,0,0,0,4,0,"EXPLICIT_REJECTION_OR_IMPLEMENT_SITE_FAMILY"
"VECTOR:UNADJUDICATED:0110101",0,0,0,0,45,0,"EXPLICIT_REJECTION_OR_IMPLEMENT_SITE_FAMILY"
"VECTOR:UNADJUDICATED:1100101",0,0,0,0,15,0,"EXPLICIT_REJECTION_OR_IMPLEMENT_SITE_FAMILY"
"VECTOR:UNADJUDICATED:0111001",0,0,0,0,80,0,"EXPLICIT_REJECTION_OR_IMPLEMENT_SITE_FAMILY"
"VECTOR:UNADJUDICATED:1101001",0,0,0,0,12,0,"EXPLICIT_REJECTION_OR_IMPLEMENT_SITE_FAMILY"
"VECTOR:UNADJUDICATED:0111101",0,0,0,0,300,0,"EXPLICIT_REJECTION_OR_IMPLEMENT_SITE_FAMILY"
"VECTOR:UNADJUDICATED:1101101",0,0,0,0,45,0,"EXPLICIT_REJECTION_OR_IMPLEMENT_SITE_FAMILY"
"VECTOR:UNADJUDICATED:0111000",0,0,0,0,20,0,"EXPLICIT_REJECTION_OR_IMPLEMENT_SITE_FAMILY"
"VECTOR:UNADJUDICATED:1011000",0,0,0,0,3,0,"EXPLICIT_REJECTION_OR_IMPLEMENT_SITE_FAMILY"
"VECTOR:UNADJUDICATED:1011001",0,0,0,0,12,0,"EXPLICIT_REJECTION_OR_IMPLEMENT_SITE_FAMILY"
"VECTOR:UNADJUDICATED:1011010",0,0,0,0,12,0,"EXPLICIT_REJECTION_OR_IMPLEMENT_SITE_FAMILY"
"VECTOR:UNADJUDICATED:1011011",0,0,0,0,45,0,"EXPLICIT_REJECTION_OR_IMPLEMENT_SITE_FAMILY"
"VECTOR:UNADJUDICATED:0111100",0,0,0,0,80,0,"EXPLICIT_REJECTION_OR_IMPLEMENT_SITE_FAMILY"
"VECTOR:UNADJUDICATED:1011100",0,0,0,0,12,0,"EXPLICIT_REJECTION_OR_IMPLEMENT_SITE_FAMILY"
"VECTOR:UNADJUDICATED:1011101",0,0,0,0,45,0,"EXPLICIT_REJECTION_OR_IMPLEMENT_SITE_FAMILY"
"VECTOR:UNADJUDICATED:1101000",0,0,0,0,3,0,"EXPLICIT_REJECTION_OR_IMPLEMENT_SITE_FAMILY"
"VECTOR:UNADJUDICATED:1101100",0,0,0,0,12,0,"EXPLICIT_REJECTION_OR_IMPLEMENT_SITE_FAMILY"
"VECTOR:UNADJUDICATED:0110100",0,0,0,0,12,0,"EXPLICIT_REJECTION_OR_IMPLEMENT_SITE_FAMILY"
"VECTOR:UNADJUDICATED:1100100",0,0,0,0,4,0,"EXPLICIT_REJECTION_OR_IMPLEMENT_SITE_FAMILY"
"VECTOR:UNADJUDICATED:0110000",0,0,0,0,3,0,"EXPLICIT_REJECTION_OR_IMPLEMENT_SITE_FAMILY"
"VECTOR:UNADJUDICATED:1100000",0,0,0,0,1,0,"EXPLICIT_REJECTION_OR_IMPLEMENT_SITE_FAMILY"
"OPERATORS:dominant7",48,239,5,45,8108,0,"ACCEPT_OPTIONAL_OMISSION|EXPLICIT_REJECTION_OR_IMPLEMENT_SITE_FAMILY|PRESERVE_DEFINING_TONE_IN_AUDITION|FIX_PRODUCT_IDENTITY|ACCEPT_OR_SPECIFY_VOICING_POLICY"
"ROOT_BASS:dominant7",0,0,38,38,0,0,"ACCEPT_OPTIONAL_OMISSION"
"DIRECT_RISK:dominant13",0,1,0,0,0,0,"PRESERVE_DEFINING_TONE_IN_AUDITION"
"DIRECT_RISK:min11",0,1,0,1,0,0,"PRESERVE_DEFINING_TONE_IN_AUDITION"
"DIRECT_RISK:dominant7",0,0,2,2,0,0,"ACCEPT_OR_SPECIFY_VOICING_POLICY|ACCEPT_OPTIONAL_OMISSION"
"DIRECT_RISK:min9",0,1,0,1,0,0,"PRESERVE_DEFINING_TONE_IN_AUDITION"
