family,previewVaultEqual,previewSemanticCorrect,vaultSemanticCorrect,voicingLoopSemanticCorrect,contextDependent,notes
"VECTOR:major",1919,71,71,0,"see-R05-context-audit","isolated-basic-full"
"VECTOR:add2",480,0,0,0,"see-R05-context-audit","isolated-basic-full"
"VECTOR:add4",480,0,0,0,"see-R05-context-audit","isolated-basic-full"
"VECTOR:add6",480,0,0,0,"see-R05-context-audit","isolated-basic-full"
"VECTOR:diminished11",528,0,0,0,"see-R05-context-audit","isolated-basic-full"
"VECTOR:diminished11+add2",160,0,0,0,"see-R05-context-audit","isolated-basic-full"
"VECTOR:diminished11+add4",160,0,0,0,"see-R05-context-audit","isolated-basic-full"
"VECTOR:diminished11+add6",132,0,0,0,"see-R05-context-audit","isolated-basic-full"
"VECTOR:dominant11sus2",756,0,0,0,"see-R05-context-audit","isolated-basic-full"
"VECTOR:dominant11sus2+add2",228,0,0,0,"see-R05-context-audit","isolated-basic-full"
"VECTOR:dominant11sus2+add4",228,0,0,0,"see-R05-context-audit","isolated-basic-full"
"VECTOR:dominant11sus2+add6",189,0,0,0,"see-R05-context-audit","isolated-basic-full"
"VECTOR:dominant11sus4",756,30,30,1,"see-R05-context-audit","isolated-basic-full"
"VECTOR:dominant11sus4+add2",228,0,0,0,"see-R05-context-audit","isolated-basic-full"
"VECTOR:dominant11sus4+add4",228,0,0,0,"see-R05-context-audit","isolated-basic-full"
"VECTOR:dominant11sus4+add6",189,0,0,0,"see-R05-context-audit","isolated-basic-full"
"VECTOR:power",765,1,1,0,"see-R05-context-audit","isolated-basic-full"
"VECTOR:power+add2",192,0,0,0,"see-R05-context-audit","isolated-basic-full"
"VECTOR:power+add4",192,0,0,0,"see-R05-context-audit","isolated-basic-full"
"VECTOR:power+add6",192,0,0,0,"see-R05-context-audit","isolated-basic-full"
"VECTOR:six",640,66,66,2,"see-R05-context-audit","isolated-basic-full"
"VECTOR:six+add2",160,0,0,0,"see-R05-context-audit","isolated-basic-full"
"VECTOR:six+add4",160,0,0,0,"see-R05-context-audit","isolated-basic-full"
"VECTOR:six+add6",160,0,0,0,"see-R05-context-audit","isolated-basic-full"
"VECTOR:six-dim",560,0,0,0,"see-R05-context-audit","isolated-basic-full"
"VECTOR:six-dim+add2",112,0,0,0,"see-R05-context-audit","isolated-basic-full"
"VECTOR:six-dim+add4",112,0,0,0,"see-R05-context-audit","isolated-basic-full"
"VECTOR:six-dim+add6",140,0,0,0,"see-R05-context-audit","isolated-basic-full"
"VECTOR:six-sus2",780,0,0,0,"see-R05-context-audit","isolated-basic-full"
"VECTOR:six-sus2+add2",156,0,0,0,"see-R05-context-audit","isolated-basic-full"
"VECTOR:six-sus2+add4",156,0,0,0,"see-R05-context-audit","isolated-basic-full"
"VECTOR:six-sus2+add6",195,0,0,0,"see-R05-context-audit","isolated-basic-full"
"VECTOR:six-sus4",780,0,0,0,"see-R05-context-audit","isolated-basic-full"
"VECTOR:six-sus4+add2",156,0,0,0,"see-R05-context-audit","isolated-basic-full"
"VECTOR:six-sus4+add4",156,0,0,0,"see-R05-context-audit","isolated-basic-full"
"VECTOR:six-sus4+add6",195,0,0,0,"see-R05-context-audit","isolated-basic-full"
"VECTOR:minor",576,36,36,0,"see-R05-context-audit","isolated-basic-full"
"VECTOR:minor+add2",144,0,0,0,"see-R05-context-audit","isolated-basic-full"
"VECTOR:minor+add4",144,0,0,0,"see-R05-context-audit","isolated-basic-full"
"VECTOR:minor+add6",144,0,0,0,"see-R05-context-audit","isolated-basic-full"
"VECTOR:min6",128,32,32,4,"see-R05-context-audit","isolated-basic-full"
"VECTOR:min6+add2",32,0,0,0,"see-R05-context-audit","isolated-basic-full"
"VECTOR:min6+add4",32,0,0,0,"see-R05-context-audit","isolated-basic-full"
"VECTOR:min6+add6",32,0,0,0,"see-R05-context-audit","isolated-basic-full"
"VECTOR:sus2",256,0,0,0,"see-R05-context-audit","isolated-basic-full"
"VECTOR:sus2+add2",64,0,0,0,"see-R05-context-audit","isolated-basic-full"
"VECTOR:sus2+add4",64,0,0,0,"see-R05-context-audit","isolated-basic-full"
"VECTOR:sus2+add6",64,0,0,0,"see-R05-context-audit","isolated-basic-full"
"VECTOR:sus4",256,0,0,0,"see-R05-context-audit","isolated-basic-full"
"VECTOR:sus4+add2",64,0,0,0,"see-R05-context-audit","isolated-basic-full"
"VECTOR:sus4+add4",64,0,0,0,"see-R05-context-audit","isolated-basic-full"
"VECTOR:sus4+add6",64,0,0,0,"see-R05-context-audit","isolated-basic-full"
"VECTOR:UNADJUDICATED:1111110",300,0,0,0,"see-R05-context-audit","isolated-basic-full"
"VECTOR:UNADJUDICATED:0111110",300,0,0,0,"see-R05-context-audit","isolated-basic-full"
"VECTOR:UNADJUDICATED:1101110",45,0,0,0,"see-R05-context-audit","isolated-basic-full"
"VECTOR:UNADJUDICATED:1110110",105,0,0,0,"see-R05-context-audit","isolated-basic-full"
"VECTOR:UNADJUDICATED:1111010",80,0,0,0,"see-R05-context-audit","isolated-basic-full"
"VECTOR:UNADJUDICATED:1111100",80,0,0,0,"see-R05-context-audit","isolated-basic-full"
"VECTOR:UNADJUDICATED:1111111",1080,0,0,0,"see-R05-context-audit","isolated-basic-full"
"VECTOR:UNADJUDICATED:0111111",1080,0,0,0,"see-R05-context-audit","isolated-basic-full"
"VECTOR:UNADJUDICATED:1101111",162,0,0,0,"see-R05-context-audit","isolated-basic-full"
"VECTOR:UNADJUDICATED:1110111",378,0,0,0,"see-R05-context-audit","isolated-basic-full"
"VECTOR:UNADJUDICATED:1111011",300,0,0,0,"see-R05-context-audit","isolated-basic-full"
"VECTOR:UNADJUDICATED:1111101",300,0,0,0,"see-R05-context-audit","isolated-basic-full"
"VECTOR:UNADJUDICATED:1011110",45,0,0,0,"see-R05-context-audit","isolated-basic-full"
"VECTOR:UNADJUDICATED:1011111",162,0,0,0,"see-R05-context-audit","isolated-basic-full"
"VECTOR:UNADJUDICATED:1110010",28,0,0,0,"see-R05-context-audit","isolated-basic-full"
"VECTOR:UNADJUDICATED:0110010",12,0,0,0,"see-R05-context-audit","isolated-basic-full"
"VECTOR:UNADJUDICATED:1100010",4,0,0,0,"see-R05-context-audit","isolated-basic-full"
"VECTOR:UNADJUDICATED:1110000",7,0,0,0,"see-R05-context-audit","isolated-basic-full"
"VECTOR:UNADJUDICATED:1110011",105,0,0,0,"see-R05-context-audit","isolated-basic-full"
"VECTOR:UNADJUDICATED:0110011",45,0,0,0,"see-R05-context-audit","isolated-basic-full"
"VECTOR:UNADJUDICATED:1100011",15,0,0,0,"see-R05-context-audit","isolated-basic-full"
"VECTOR:UNADJUDICATED:1110001",28,0,0,0,"see-R05-context-audit","isolated-basic-full"
"VECTOR:UNADJUDICATED:0110110",45,0,0,0,"see-R05-context-audit","isolated-basic-full"
"VECTOR:UNADJUDICATED:1100110",15,0,0,0,"see-R05-context-audit","isolated-basic-full"
"VECTOR:UNADJUDICATED:1110100",28,0,0,0,"see-R05-context-audit","isolated-basic-full"
"VECTOR:UNADJUDICATED:0110111",162,0,0,0,"see-R05-context-audit","isolated-basic-full"
"VECTOR:UNADJUDICATED:1100111",54,0,0,0,"see-R05-context-audit","isolated-basic-full"
"VECTOR:UNADJUDICATED:1110101",105,0,0,0,"see-R05-context-audit","isolated-basic-full"
"VECTOR:UNADJUDICATED:0111010",80,0,0,0,"see-R05-context-audit","isolated-basic-full"
"VECTOR:UNADJUDICATED:1101010",12,0,0,0,"see-R05-context-audit","isolated-basic-full"
"VECTOR:UNADJUDICATED:1111000",20,0,0,0,"see-R05-context-audit","isolated-basic-full"
"VECTOR:UNADJUDICATED:0111011",300,0,0,0,"see-R05-context-audit","isolated-basic-full"
"VECTOR:UNADJUDICATED:1101011",45,0,0,0,"see-R05-context-audit","isolated-basic-full"
"VECTOR:UNADJUDICATED:1111001",80,0,0,0,"see-R05-context-audit","isolated-basic-full"
"VECTOR:UNADJUDICATED:0110001",12,0,0,0,"see-R05-context-audit","isolated-basic-full"
"VECTOR:UNADJUDICATED:1100001",4,0,0,0,"see-R05-context-audit","isolated-basic-full"
"VECTOR:UNADJUDICATED:0110101",45,0,0,0,"see-R05-context-audit","isolated-basic-full"
"VECTOR:UNADJUDICATED:1100101",15,0,0,0,"see-R05-context-audit","isolated-basic-full"
"VECTOR:UNADJUDICATED:0111001",80,0,0,0,"see-R05-context-audit","isolated-basic-full"
"VECTOR:UNADJUDICATED:1101001",12,0,0,0,"see-R05-context-audit","isolated-basic-full"
"VECTOR:UNADJUDICATED:0111101",300,0,0,0,"see-R05-context-audit","isolated-basic-full"
"VECTOR:UNADJUDICATED:1101101",45,0,0,0,"see-R05-context-audit","isolated-basic-full"
"VECTOR:UNADJUDICATED:0111000",20,0,0,0,"see-R05-context-audit","isolated-basic-full"
"VECTOR:UNADJUDICATED:1011000",3,0,0,0,"see-R05-context-audit","isolated-basic-full"
"VECTOR:UNADJUDICATED:1011001",12,0,0,0,"see-R05-context-audit","isolated-basic-full"
"VECTOR:UNADJUDICATED:1011010",12,0,0,0,"see-R05-context-audit","isolated-basic-full"
"VECTOR:UNADJUDICATED:1011011",45,0,0,0,"see-R05-context-audit","isolated-basic-full"
"VECTOR:UNADJUDICATED:0111100",80,0,0,0,"see-R05-context-audit","isolated-basic-full"
"VECTOR:UNADJUDICATED:1011100",12,0,0,0,"see-R05-context-audit","isolated-basic-full"
"VECTOR:UNADJUDICATED:1011101",45,0,0,0,"see-R05-context-audit","isolated-basic-full"
"VECTOR:UNADJUDICATED:1101000",3,0,0,0,"see-R05-context-audit","isolated-basic-full"
"VECTOR:UNADJUDICATED:1101100",12,0,0,0,"see-R05-context-audit","isolated-basic-full"
"VECTOR:UNADJUDICATED:0110100",12,0,0,0,"see-R05-context-audit","isolated-basic-full"
"VECTOR:UNADJUDICATED:1100100",4,0,0,0,"see-R05-context-audit","isolated-basic-full"
"VECTOR:UNADJUDICATED:0110000",3,0,0,0,"see-R05-context-audit","isolated-basic-full"
"VECTOR:UNADJUDICATED:1100000",1,0,0,0,"see-R05-context-audit","isolated-basic-full"
"OPERATORS:dominant7",8192,70,70,17,"see-R05-context-audit","isolated-basic-full"
"ROOT_BASS:dominant7",38,38,38,38,"see-R05-context-audit","isolated-basic-full"
"DIRECT_RISK:dominant13",1,1,1,0,"see-R05-context-audit","isolated-basic-full"
"DIRECT_RISK:min11",1,1,1,0,"see-R05-context-audit","isolated-basic-full"
"DIRECT_RISK:dominant7",3,3,3,3,"see-R05-context-audit","isolated-basic-full"
"DIRECT_RISK:min9",1,1,1,0,"see-R05-context-audit","isolated-basic-full"
