family,grammarProductions,acceptedAliases,rowsExpected,rowsMeasured,coveragePercent,unknownRows,status
"VECTOR:major","VECTOR","factorized-stratum",1919,1919,100,0,"MEASURED"
"VECTOR:add2","VECTOR","factorized-stratum",480,480,100,0,"MEASURED"
"VECTOR:add4","VECTOR","factorized-stratum",480,480,100,0,"MEASURED"
"VECTOR:add6","VECTOR","factorized-stratum",480,480,100,0,"MEASURED"
"VECTOR:diminished11","VECTOR","factorized-stratum",528,528,100,0,"MEASURED"
"VECTOR:diminished11+add2","VECTOR","factorized-stratum",160,160,100,0,"MEASURED"
"VECTOR:diminished11+add4","VECTOR","factorized-stratum",160,160,100,0,"MEASURED"
"VECTOR:diminished11+add6","VECTOR","factorized-stratum",132,132,100,0,"MEASURED"
"VECTOR:dominant11sus2","VECTOR","factorized-stratum",756,756,100,0,"MEASURED"
"VECTOR:dominant11sus2+add2","VECTOR","factorized-stratum",228,228,100,0,"MEASURED"
"VECTOR:dominant11sus2+add4","VECTOR","factorized-stratum",228,228,100,0,"MEASURED"
"VECTOR:dominant11sus2+add6","VECTOR","factorized-stratum",189,189,100,0,"MEASURED"
"VECTOR:dominant11sus4","VECTOR","factorized-stratum",756,756,100,0,"MEASURED"
"VECTOR:dominant11sus4+add2","VECTOR","factorized-stratum",228,228,100,0,"MEASURED"
"VECTOR:dominant11sus4+add4","VECTOR","factorized-stratum",228,228,100,0,"MEASURED"
"VECTOR:dominant11sus4+add6","VECTOR","factorized-stratum",189,189,100,0,"MEASURED"
"VECTOR:power","VECTOR","factorized-stratum",765,765,100,0,"MEASURED"
"VECTOR:power+add2","VECTOR","factorized-stratum",192,192,100,0,"MEASURED"
"VECTOR:power+add4","VECTOR","factorized-stratum",192,192,100,0,"MEASURED"
"VECTOR:power+add6","VECTOR","factorized-stratum",192,192,100,0,"MEASURED"
"VECTOR:six","VECTOR","factorized-stratum",640,640,100,0,"MEASURED"
"VECTOR:six+add2","VECTOR","factorized-stratum",160,160,100,0,"MEASURED"
"VECTOR:six+add4","VECTOR","factorized-stratum",160,160,100,0,"MEASURED"
"VECTOR:six+add6","VECTOR","factorized-stratum",160,160,100,0,"MEASURED"
"VECTOR:six-dim","VECTOR","factorized-stratum",560,560,100,0,"MEASURED"
"VECTOR:six-dim+add2","VECTOR","factorized-stratum",112,112,100,0,"MEASURED"
"VECTOR:six-dim+add4","VECTOR","factorized-stratum",112,112,100,0,"MEASURED"
"VECTOR:six-dim+add6","VECTOR","factorized-stratum",140,140,100,0,"MEASURED"
"VECTOR:six-sus2","VECTOR","factorized-stratum",780,780,100,0,"MEASURED"
"VECTOR:six-sus2+add2","VECTOR","factorized-stratum",156,156,100,0,"MEASURED"
"VECTOR:six-sus2+add4","VECTOR","factorized-stratum",156,156,100,0,"MEASURED"
"VECTOR:six-sus2+add6","VECTOR","factorized-stratum",195,195,100,0,"MEASURED"
"VECTOR:six-sus4","VECTOR","factorized-stratum",780,780,100,0,"MEASURED"
"VECTOR:six-sus4+add2","VECTOR","factorized-stratum",156,156,100,0,"MEASURED"
"VECTOR:six-sus4+add4","VECTOR","factorized-stratum",156,156,100,0,"MEASURED"
"VECTOR:six-sus4+add6","VECTOR","factorized-stratum",195,195,100,0,"MEASURED"
"VECTOR:minor","VECTOR","factorized-stratum",576,576,100,0,"MEASURED"
"VECTOR:minor+add2","VECTOR","factorized-stratum",144,144,100,0,"MEASURED"
"VECTOR:minor+add4","VECTOR","factorized-stratum",144,144,100,0,"MEASURED"
"VECTOR:minor+add6","VECTOR","factorized-stratum",144,144,100,0,"MEASURED"
"VECTOR:min6","VECTOR","factorized-stratum",128,128,100,0,"MEASURED"
"VECTOR:min6+add2","VECTOR","factorized-stratum",32,32,100,0,"MEASURED"
"VECTOR:min6+add4","VECTOR","factorized-stratum",32,32,100,0,"MEASURED"
"VECTOR:min6+add6","VECTOR","factorized-stratum",32,32,100,0,"MEASURED"
"VECTOR:sus2","VECTOR","factorized-stratum",256,256,100,0,"MEASURED"
"VECTOR:sus2+add2","VECTOR","factorized-stratum",64,64,100,0,"MEASURED"
"VECTOR:sus2+add4","VECTOR","factorized-stratum",64,64,100,0,"MEASURED"
"VECTOR:sus2+add6","VECTOR","factorized-stratum",64,64,100,0,"MEASURED"
"VECTOR:sus4","VECTOR","factorized-stratum",256,256,100,0,"MEASURED"
"VECTOR:sus4+add2","VECTOR","factorized-stratum",64,64,100,0,"MEASURED"
"VECTOR:sus4+add4","VECTOR","factorized-stratum",64,64,100,0,"MEASURED"
"VECTOR:sus4+add6","VECTOR","factorized-stratum",64,64,100,0,"MEASURED"
"VECTOR:UNADJUDICATED:1111110","VECTOR","factorized-stratum",300,300,100,0,"MEASURED"
"VECTOR:UNADJUDICATED:0111110","VECTOR","factorized-stratum",300,300,100,0,"MEASURED"
"VECTOR:UNADJUDICATED:1101110","VECTOR","factorized-stratum",45,45,100,0,"MEASURED"
"VECTOR:UNADJUDICATED:1110110","VECTOR","factorized-stratum",105,105,100,0,"MEASURED"
"VECTOR:UNADJUDICATED:1111010","VECTOR","factorized-stratum",80,80,100,0,"MEASURED"
"VECTOR:UNADJUDICATED:1111100","VECTOR","factorized-stratum",80,80,100,0,"MEASURED"
"VECTOR:UNADJUDICATED:1111111","VECTOR","factorized-stratum",1080,1080,100,0,"MEASURED"
"VECTOR:UNADJUDICATED:0111111","VECTOR","factorized-stratum",1080,1080,100,0,"MEASURED"
"VECTOR:UNADJUDICATED:1101111","VECTOR","factorized-stratum",162,162,100,0,"MEASURED"
"VECTOR:UNADJUDICATED:1110111","VECTOR","factorized-stratum",378,378,100,0,"MEASURED"
"VECTOR:UNADJUDICATED:1111011","VECTOR","factorized-stratum",300,300,100,0,"MEASURED"
"VECTOR:UNADJUDICATED:1111101","VECTOR","factorized-stratum",300,300,100,0,"MEASURED"
"VECTOR:UNADJUDICATED:1011110","VECTOR","factorized-stratum",45,45,100,0,"MEASURED"
"VECTOR:UNADJUDICATED:1011111","VECTOR","factorized-stratum",162,162,100,0,"MEASURED"
"VECTOR:UNADJUDICATED:1110010","VECTOR","factorized-stratum",28,28,100,0,"MEASURED"
"VECTOR:UNADJUDICATED:0110010","VECTOR","factorized-stratum",12,12,100,0,"MEASURED"
"VECTOR:UNADJUDICATED:1100010","VECTOR","factorized-stratum",4,4,100,0,"MEASURED"
"VECTOR:UNADJUDICATED:1110000","VECTOR","factorized-stratum",7,7,100,0,"MEASURED"
"VECTOR:UNADJUDICATED:1110011","VECTOR","factorized-stratum",105,105,100,0,"MEASURED"
"VECTOR:UNADJUDICATED:0110011","VECTOR","factorized-stratum",45,45,100,0,"MEASURED"
"VECTOR:UNADJUDICATED:1100011","VECTOR","factorized-stratum",15,15,100,0,"MEASURED"
"VECTOR:UNADJUDICATED:1110001","VECTOR","factorized-stratum",28,28,100,0,"MEASURED"
"VECTOR:UNADJUDICATED:0110110","VECTOR","factorized-stratum",45,45,100,0,"MEASURED"
"VECTOR:UNADJUDICATED:1100110","VECTOR","factorized-stratum",15,15,100,0,"MEASURED"
"VECTOR:UNADJUDICATED:1110100","VECTOR","factorized-stratum",28,28,100,0,"MEASURED"
"VECTOR:UNADJUDICATED:0110111","VECTOR","factorized-stratum",162,162,100,0,"MEASURED"
"VECTOR:UNADJUDICATED:1100111","VECTOR","factorized-stratum",54,54,100,0,"MEASURED"
"VECTOR:UNADJUDICATED:1110101","VECTOR","factorized-stratum",105,105,100,0,"MEASURED"
"VECTOR:UNADJUDICATED:0111010","VECTOR","factorized-stratum",80,80,100,0,"MEASURED"
"VECTOR:UNADJUDICATED:1101010","VECTOR","factorized-stratum",12,12,100,0,"MEASURED"
"VECTOR:UNADJUDICATED:1111000","VECTOR","factorized-stratum",20,20,100,0,"MEASURED"
"VECTOR:UNADJUDICATED:0111011","VECTOR","factorized-stratum",300,300,100,0,"MEASURED"
"VECTOR:UNADJUDICATED:1101011","VECTOR","factorized-stratum",45,45,100,0,"MEASURED"
"VECTOR:UNADJUDICATED:1111001","VECTOR","factorized-stratum",80,80,100,0,"MEASURED"
"VECTOR:UNADJUDICATED:0110001","VECTOR","factorized-stratum",12,12,100,0,"MEASURED"
"VECTOR:UNADJUDICATED:1100001","VECTOR","factorized-stratum",4,4,100,0,"MEASURED"
"VECTOR:UNADJUDICATED:0110101","VECTOR","factorized-stratum",45,45,100,0,"MEASURED"
"VECTOR:UNADJUDICATED:1100101","VECTOR","factorized-stratum",15,15,100,0,"MEASURED"
"VECTOR:UNADJUDICATED:0111001","VECTOR","factorized-stratum",80,80,100,0,"MEASURED"
"VECTOR:UNADJUDICATED:1101001","VECTOR","factorized-stratum",12,12,100,0,"MEASURED"
"VECTOR:UNADJUDICATED:0111101","VECTOR","factorized-stratum",300,300,100,0,"MEASURED"
"VECTOR:UNADJUDICATED:1101101","VECTOR","factorized-stratum",45,45,100,0,"MEASURED"
"VECTOR:UNADJUDICATED:0111000","VECTOR","factorized-stratum",20,20,100,0,"MEASURED"
"VECTOR:UNADJUDICATED:1011000","VECTOR","factorized-stratum",3,3,100,0,"MEASURED"
"VECTOR:UNADJUDICATED:1011001","VECTOR","factorized-stratum",12,12,100,0,"MEASURED"
"VECTOR:UNADJUDICATED:1011010","VECTOR","factorized-stratum",12,12,100,0,"MEASURED"
"VECTOR:UNADJUDICATED:1011011","VECTOR","factorized-stratum",45,45,100,0,"MEASURED"
"VECTOR:UNADJUDICATED:0111100","VECTOR","factorized-stratum",80,80,100,0,"MEASURED"
"VECTOR:UNADJUDICATED:1011100","VECTOR","factorized-stratum",12,12,100,0,"MEASURED"
"VECTOR:UNADJUDICATED:1011101","VECTOR","factorized-stratum",45,45,100,0,"MEASURED"
"VECTOR:UNADJUDICATED:1101000","VECTOR","factorized-stratum",3,3,100,0,"MEASURED"
"VECTOR:UNADJUDICATED:1101100","VECTOR","factorized-stratum",12,12,100,0,"MEASURED"
"VECTOR:UNADJUDICATED:0110100","VECTOR","factorized-stratum",12,12,100,0,"MEASURED"
"VECTOR:UNADJUDICATED:1100100","VECTOR","factorized-stratum",4,4,100,0,"MEASURED"
"VECTOR:UNADJUDICATED:0110000","VECTOR","factorized-stratum",3,3,100,0,"MEASURED"
"VECTOR:UNADJUDICATED:1100000","VECTOR","factorized-stratum",1,1,100,0,"MEASURED"
"OPERATORS:dominant7","OPERATORS","factorized-stratum",8192,8192,100,0,"MEASURED"
"ROOT_BASS:dominant7","ROOT_BASS","factorized-stratum",38,38,100,0,"MEASURED"
"DIRECT_RISK:dominant13","DIRECT_RISK","factorized-stratum",1,1,100,0,"MEASURED"
"DIRECT_RISK:min11","DIRECT_RISK","factorized-stratum",1,1,100,0,"MEASURED"
"DIRECT_RISK:dominant7","DIRECT_RISK","factorized-stratum",3,3,100,0,"MEASURED"
"DIRECT_RISK:min9","DIRECT_RISK","factorized-stratum",1,1,100,0,"MEASURED"
